[{"model": "mywebsite.skill", "pk": 1, "fields": {"name": "React.js"}}, {"model": "mywebsite.skill", "pk": 2, "fields": {"name": "Next.js"}}, {"model": "mywebsite.skill", "pk": 3, "fields": {"name": "Node.js"}}, {"model": "mywebsite.skill", "pk": 4, "fields": {"name": "HTML"}}, {"model": "mywebsite.skill", "pk": 5, "fields": {"name": "CSS"}}, {"model": "mywebsite.skill", "pk": 6, "fields": {"name": "Javascript"}}, {"model": "mywebsite.skill", "pk": 7, "fields": {"name": "jQuery"}}, {"model": "mywebsite.skill", "pk": 8, "fields": {"name": "Bootstrap"}}, {"model": "mywebsite.skill", "pk": 9, "fields": {"name": "MatrialUI"}}, {"model": "mywebsite.skill", "pk": 10, "fields": {"name": "Ant Design"}}, {"model": "mywebsite.skill", "pk": 11, "fields": {"name": "Tailwind"}}, {"model": "mywebsite.skill", "pk": 12, "fields": {"name": "Python"}}, {"model": "mywebsite.skill", "pk": 13, "fields": {"name": "Flask"}}, {"model": "mywebsite.skill", "pk": 14, "fields": {"name": "Django"}}, {"model": "mywebsite.skill", "pk": 15, "fields": {"name": "Django rest framework"}}, {"model": "mywebsite.skill", "pk": 16, "fields": {"name": "PostgreSQL"}}, {"model": "mywebsite.skill", "pk": 17, "fields": {"name": "MongoDB"}}, {"model": "mywebsite.skill", "pk": 18, "fields": {"name": "Odoo"}}, {"model": "mywebsite.skill", "pk": 19, "fields": {"name": "Linux"}}, {"model": "mywebsite.skill", "pk": 20, "fields": {"name": "Nginx"}}, {"model": "mywebsite.skill", "pk": 21, "fields": {"name": "Apache"}}, {"model": "mywebsite.skill", "pk": 22, "fields": {"name": "Docker"}}, {"model": "mywebsite.skill", "pk": 23, "fields": {"name": "Git"}}, {"model": "mywebsite.skill", "pk": 24, "fields": {"name": "Heroku"}}, {"model": "mywebsite.skill", "pk": 25, "fields": {"name": "express.js"}}, {"model": "mywebsite.project", "pk": 1, "fields": {"title": "Fox Source Code", "desc": "A marketplace with multiple sellers for software apps, games, full templates, scripts, and codes build using Django rest framework and react.js", "date": "2022-04-04", "skills": [1, 4, 5, 6, 10, 12, 14, 15, 16, 19, 20, 23]}}, {"model": "mywebsite.project", "pk": 2, "fields": {"title": "E-commerce", "desc": "An e-commerce website with one seller multiple categories and stripe payment method build using Django template literals and bootstrap", "date": "2022-01-03", "skills": [4, 5, 6, 7, 8, 12, 14, 16, 19, 23, 24]}}, {"model": "mywebsite.project", "pk": 3, "fields": {"title": "Clinic Reservation System", "desc": "A clinics reservation system with multi clinics, multi doctors, and the ability to schedule an appointment in a specific time built using Django template literals, Django rest framework, and bootstrap",  "date": "2022-03-16", "skills": [4, 5, 6, 7, 8, 12, 14, 15, 16, 19, 23, 24]}}, {"model": "mywebsite.project", "pk": 4, "fields": {"title": "Pinterest Clone", "desc": "A clone of the Pinterest website contains most of the original features\r\nbuilt using Django rest framework and react.js",  "date": "2021-12-22", "skills": [1, 3, 5, 6, 9, 12, 14, 15, 16, 19, 23, 24]}}, {"model": "mywebsite.project", "pk": 5, "fields": {"title": "Task tracker", "desc": "A simple task tracker built using react and redux and antd", "date": "2022-01-13", "skills": [1, 4, 5, 6, 10, 23, 24]}}, {"model": "mywebsite.project", "pk": 6, "fields": {"title": "Auth system", "desc": "Authentication system built using node.js and express.js and passport.js following local strategy and MongoDB for database",  "date": "2022-02-01", "skills": [3, 4, 5, 6, 7, 8, 17, 23, 24, 25]}}, {"model": "mywebsite.project", "pk": 7, "fields": {"title": "Django Movies App", "desc": "A movie app contains a movie list, casts list, and a watch tracker app made using Django template literally,  bootstrap and PostgreSQL",  "date": "2021-11-11", "skills": [4, 5, 6, 7, 8, 12, 14, 16, 23]}}, {"model": "mywebsite.project", "pk": 8, "fields": {"title": "MCU movies", "desc": "Simple 3 pages for a website that calls an MCU movies API and represents the data on the home page\r\nthe home page has a gallery and on clicking on any poster it opens a slide show and also has login and registration pages \r\nthe project was built using bootstrap, jquery, and jquery ui",  "date": "2021-09-08", "skills": [4, 5, 6, 7, 8, 23]}}, {"model": "mywebsite.project", "pk": 9, "fields": {"title": "Diverse React Project", "desc": "react project has login and signup pages, gallery, phonebook, and todo list all are separate components login and sign up talking to fake login and signup API if the login or signup is a success will fetch data from another fake API and represent it to the gallery page", "date": "2021-10-07", "skills": [1, 4, 5, 6, 8, 23]}},{"model": "mywebsite.gallery", "pk": 1, "fields": {"project": 1}}, {"model": "mywebsite.gallery", "pk": 2, "fields": {"project": 2}}, {"model": "mywebsite.gallery", "pk": 3, "fields": {"project": 3}}, {"model": "mywebsite.gallery", "pk": 4, "fields": {"project": 4}}, {"model": "mywebsite.gallery", "pk": 5, "fields": {"project": 5}}, {"model": "mywebsite.gallery", "pk": 6, "fields": {"project": 6}}, {"model": "mywebsite.gallery", "pk": 7, "fields": {"project": 7}}, {"model": "mywebsite.gallery", "pk": 8, "fields": {"project": 8}}, {"model": "mywebsite.gallery", "pk": 9, "fields": {"project": 9}}]