[{"model": "admin.logentry", "pk": 1, "fields": {"action_time": "2022-06-22T12:57:46.201Z", "user": 1, "content_type": 10, "object_id": "1", "object_repr": "Skill object (1)", "action_flag": 1, "change_message": "[{\"added\": {}}]"}}, {"model": "admin.logentry", "pk": 2, "fields": {"action_time": "2022-06-22T12:57:52.459Z", "user": 1, "content_type": 10, "object_id": "2", "object_repr": "Skill object (2)", "action_flag": 1, "change_message": "[{\"added\": {}}]"}}, {"model": "admin.logentry", "pk": 3, "fields": {"action_time": "2022-06-22T12:57:57.256Z", "user": 1, "content_type": 10, "object_id": "3", "object_repr": "Skill object (3)", "action_flag": 1, "change_message": "[{\"added\": {}}]"}}, {"model": "admin.logentry", "pk": 4, "fields": {"action_time": "2022-06-22T12:58:03.324Z", "user": 1, "content_type": 10, "object_id": "4", "object_repr": "Skill object (4)", "action_flag": 1, "change_message": "[{\"added\": {}}]"}}, {"model": "admin.logentry", "pk": 5, "fields": {"action_time": "2022-06-22T12:58:06.414Z", "user": 1, "content_type": 10, "object_id": "5", "object_repr": "Skill object (5)", "action_flag": 1, "change_message": "[{\"added\": {}}]"}}, {"model": "admin.logentry", "pk": 6, "fields": {"action_time": "2022-06-22T12:58:26.170Z", "user": 1, "content_type": 10, "object_id": "6", "object_repr": "Skill object (6)", "action_flag": 1, "change_message": "[{\"added\": {}}]"}}, {"model": "admin.logentry", "pk": 7, "fields": {"action_time": "2022-06-22T12:58:34.144Z", "user": 1, "content_type": 10, "object_id": "7", "object_repr": "Skill object (7)", "action_flag": 1, "change_message": "[{\"added\": {}}]"}}, {"model": "admin.logentry", "pk": 8, "fields": {"action_time": "2022-06-22T12:58:40.639Z", "user": 1, "content_type": 10, "object_id": "8", "object_repr": "Skill object (8)", "action_flag": 1, "change_message": "[{\"added\": {}}]"}}, {"model": "admin.logentry", "pk": 9, "fields": {"action_time": "2022-06-22T12:58:48.551Z", "user": 1, "content_type": 10, "object_id": "9", "object_repr": "Skill object (9)", "action_flag": 1, "change_message": "[{\"added\": {}}]"}}, {"model": "admin.logentry", "pk": 10, "fields": {"action_time": "2022-06-22T12:58:53.868Z", "user": 1, "content_type": 10, "object_id": "10", "object_repr": "Skill object (10)", "action_flag": 1, "change_message": "[{\"added\": {}}]"}}, {"model": "admin.logentry", "pk": 11, "fields": {"action_time": "2022-06-22T12:59:00.778Z", "user": 1, "content_type": 10, "object_id": "11", "object_repr": "Skill object (11)", "action_flag": 1, "change_message": "[{\"added\": {}}]"}}, {"model": "admin.logentry", "pk": 12, "fields": {"action_time": "2022-06-22T12:59:14.258Z", "user": 1, "content_type": 10, "object_id": "12", "object_repr": "Skill object (12)", "action_flag": 1, "change_message": "[{\"added\": {}}]"}}, {"model": "admin.logentry", "pk": 13, "fields": {"action_time": "2022-06-22T12:59:19.365Z", "user": 1, "content_type": 10, "object_id": "13", "object_repr": "Skill object (13)", "action_flag": 1, "change_message": "[{\"added\": {}}]"}}, {"model": "admin.logentry", "pk": 14, "fields": {"action_time": "2022-06-22T12:59:24.175Z", "user": 1, "content_type": 10, "object_id": "14", "object_repr": "Skill object (14)", "action_flag": 1, "change_message": "[{\"added\": {}}]"}}, {"model": "admin.logentry", "pk": 15, "fields": {"action_time": "2022-06-22T12:59:43.749Z", "user": 1, "content_type": 10, "object_id": "15", "object_repr": "Skill object (15)", "action_flag": 1, "change_message": "[{\"added\": {}}]"}}, {"model": "admin.logentry", "pk": 16, "fields": {"action_time": "2022-06-22T12:59:55.969Z", "user": 1, "content_type": 10, "object_id": "16", "object_repr": "Skill object (16)", "action_flag": 1, "change_message": "[{\"added\": {}}]"}}, {"model": "admin.logentry", "pk": 17, "fields": {"action_time": "2022-06-22T13:00:07.251Z", "user": 1, "content_type": 10, "object_id": "17", "object_repr": "Skill object (17)", "action_flag": 1, "change_message": "[{\"added\": {}}]"}}, {"model": "admin.logentry", "pk": 18, "fields": {"action_time": "2022-06-22T13:00:15.355Z", "user": 1, "content_type": 10, "object_id": "18", "object_repr": "Skill object (18)", "action_flag": 1, "change_message": "[{\"added\": {}}]"}}, {"model": "admin.logentry", "pk": 19, "fields": {"action_time": "2022-06-22T13:00:38.802Z", "user": 1, "content_type": 10, "object_id": "19", "object_repr": "Skill object (19)", "action_flag": 1, "change_message": "[{\"added\": {}}]"}}, {"model": "admin.logentry", "pk": 20, "fields": {"action_time": "2022-06-22T13:00:44.875Z", "user": 1, "content_type": 10, "object_id": "20", "object_repr": "Skill object (20)", "action_flag": 1, "change_message": "[{\"added\": {}}]"}}, {"model": "admin.logentry", "pk": 21, "fields": {"action_time": "2022-06-22T13:00:48.876Z", "user": 1, "content_type": 10, "object_id": "21", "object_repr": "Skill object (21)", "action_flag": 1, "change_message": "[{\"added\": {}}]"}}, {"model": "admin.logentry", "pk": 22, "fields": {"action_time": "2022-06-22T13:00:53.780Z", "user": 1, "content_type": 10, "object_id": "22", "object_repr": "Skill object (22)", "action_flag": 1, "change_message": "[{\"added\": {}}]"}}, {"model": "admin.logentry", "pk": 23, "fields": {"action_time": "2022-06-22T13:01:22.292Z", "user": 1, "content_type": 10, "object_id": "23", "object_repr": "Skill object (23)", "action_flag": 1, "change_message": "[{\"added\": {}}]"}}, {"model": "admin.logentry", "pk": 24, "fields": {"action_time": "2022-06-22T13:09:42.868Z", "user": 1, "content_type": 8, "object_id": "1", "object_repr": "Fox Source Code", "action_flag": 1, "change_message": "[{\"added\": {}}]"}}, {"model": "admin.logentry", "pk": 25, "fields": {"action_time": "2022-06-22T13:20:22.924Z", "user": 1, "content_type": 7, "object_id": "1", "object_repr": "Fox Source Code", "action_flag": 1, "change_message": "[{\"added\": {}}]"}}, {"model": "admin.logentry", "pk": 26, "fields": {"action_time": "2022-06-22T13:21:15.693Z", "user": 1, "content_type": 9, "object_id": "1", "object_repr": "Fox Source Code", "action_flag": 1, "change_message": "[{\"added\": {}}]"}}, {"model": "admin.logentry", "pk": 27, "fields": {"action_time": "2022-06-22T13:21:23.245Z", "user": 1, "content_type": 9, "object_id": "2", "object_repr": "Fox Source Code", "action_flag": 1, "change_message": "[{\"added\": {}}]"}}, {"model": "admin.logentry", "pk": 28, "fields": {"action_time": "2022-06-22T13:21:27.511Z", "user": 1, "content_type": 9, "object_id": "3", "object_repr": "Fox Source Code", "action_flag": 1, "change_message": "[{\"added\": {}}]"}}, {"model": "admin.logentry", "pk": 29, "fields": {"action_time": "2022-06-22T13:21:32.559Z", "user": 1, "content_type": 9, "object_id": "4", "object_repr": "Fox Source Code", "action_flag": 1, "change_message": "[{\"added\": {}}]"}}, {"model": "admin.logentry", "pk": 30, "fields": {"action_time": "2022-06-22T13:21:38.418Z", "user": 1, "content_type": 9, "object_id": "5", "object_repr": "Fox Source Code", "action_flag": 1, "change_message": "[{\"added\": {}}]"}}, {"model": "admin.logentry", "pk": 31, "fields": {"action_time": "2022-06-22T13:21:58.639Z", "user": 1, "content_type": 9, "object_id": "6", "object_repr": "Fox Source Code", "action_flag": 1, "change_message": "[{\"added\": {}}]"}}, {"model": "admin.logentry", "pk": 32, "fields": {"action_time": "2022-06-22T13:22:14.593Z", "user": 1, "content_type": 9, "object_id": "7", "object_repr": "Fox Source Code", "action_flag": 1, "change_message": "[{\"added\": {}}]"}}, {"model": "admin.logentry", "pk": 33, "fields": {"action_time": "2022-06-22T13:22:18.839Z", "user": 1, "content_type": 9, "object_id": "8", "object_repr": "Fox Source Code", "action_flag": 1, "change_message": "[{\"added\": {}}]"}}, {"model": "admin.logentry", "pk": 34, "fields": {"action_time": "2022-06-22T13:33:34.189Z", "user": 1, "content_type": 10, "object_id": "24", "object_repr": "Heroku", "action_flag": 1, "change_message": "[{\"added\": {}}]"}}, {"model": "admin.logentry", "pk": 35, "fields": {"action_time": "2022-06-22T13:34:03.206Z", "user": 1, "content_type": 8, "object_id": "2", "object_repr": "E-commerce", "action_flag": 1, "change_message": "[{\"added\": {}}]"}}, {"model": "admin.logentry", "pk": 36, "fields": {"action_time": "2022-06-22T13:34:20.331Z", "user": 1, "content_type": 7, "object_id": "2", "object_repr": "E-commerce gallery", "action_flag": 1, "change_message": "[{\"added\": {}}]"}}, {"model": "admin.logentry", "pk": 37, "fields": {"action_time": "2022-06-22T13:34:28.361Z", "user": 1, "content_type": 9, "object_id": "9", "object_repr": "projects/images/ecommerce__.png", "action_flag": 1, "change_message": "[{\"added\": {}}]"}}, {"model": "admin.logentry", "pk": 38, "fields": {"action_time": "2022-06-22T13:34:34.436Z", "user": 1, "content_type": 9, "object_id": "10", "object_repr": "projects/images/ecommerce__2022-03-23_17-51-35.png", "action_flag": 1, "change_message": "[{\"added\": {}}]"}}, {"model": "admin.logentry", "pk": 39, "fields": {"action_time": "2022-06-22T13:34:39.716Z", "user": 1, "content_type": 9, "object_id": "11", "object_repr": "projects/images/ecommerce__2022-03-23_17-52-16.png", "action_flag": 1, "change_message": "[{\"added\": {}}]"}}, {"model": "admin.logentry", "pk": 40, "fields": {"action_time": "2022-06-22T13:34:45.158Z", "user": 1, "content_type": 9, "object_id": "12", "object_repr": "projects/images/ecommerce__2022-03-23_17-53-30.png", "action_flag": 1, "change_message": "[{\"added\": {}}]"}}, {"model": "admin.logentry", "pk": 41, "fields": {"action_time": "2022-06-22T13:34:51.126Z", "user": 1, "content_type": 9, "object_id": "13", "object_repr": "projects/images/ecommerce__2022-03-23_17-54-48.png", "action_flag": 1, "change_message": "[{\"added\": {}}]"}}, {"model": "admin.logentry", "pk": 42, "fields": {"action_time": "2022-06-22T13:34:59.579Z", "user": 1, "content_type": 9, "object_id": "14", "object_repr": "projects/images/ecommerce__2022-03-23_17-56-57.png", "action_flag": 1, "change_message": "[{\"added\": {}}]"}}, {"model": "admin.logentry", "pk": 43, "fields": {"action_time": "2022-06-22T13:35:09.817Z", "user": 1, "content_type": 9, "object_id": "15", "object_repr": "projects/images/ecommerce__2022-03-23_17-57-46.png", "action_flag": 1, "change_message": "[{\"added\": {}}]"}}, {"model": "admin.logentry", "pk": 44, "fields": {"action_time": "2022-06-22T13:35:14.502Z", "user": 1, "content_type": 9, "object_id": "16", "object_repr": "projects/images/ecommerce__2022-03-23_17-58-53.png", "action_flag": 1, "change_message": "[{\"added\": {}}]"}}, {"model": "admin.logentry", "pk": 45, "fields": {"action_time": "2022-06-22T13:35:21.573Z", "user": 1, "content_type": 9, "object_id": "17", "object_repr": "projects/images/ecommerce__2022-03-23_18-00-05.png", "action_flag": 1, "change_message": "[{\"added\": {}}]"}}, {"model": "admin.logentry", "pk": 46, "fields": {"action_time": "2022-06-22T13:37:58.197Z", "user": 1, "content_type": 8, "object_id": "3", "object_repr": "Clinic Reservation System", "action_flag": 1, "change_message": "[{\"added\": {}}]"}}, {"model": "admin.logentry", "pk": 47, "fields": {"action_time": "2022-06-22T13:38:09.345Z", "user": 1, "content_type": 7, "object_id": "3", "object_repr": "Clinic Reservation System gallery", "action_flag": 1, "change_message": "[{\"added\": {}}]"}}, {"model": "admin.logentry", "pk": 48, "fields": {"action_time": "2022-06-22T13:38:13.812Z", "user": 1, "content_type": 9, "object_id": "18", "object_repr": "projects/images/clinic.png", "action_flag": 1, "change_message": "[{\"added\": {}}]"}}, {"model": "admin.logentry", "pk": 49, "fields": {"action_time": "2022-06-22T13:38:18.724Z", "user": 1, "content_type": 9, "object_id": "19", "object_repr": "projects/images/clinic_____2022-03-23_17-47-11.png", "action_flag": 1, "change_message": "[{\"added\": {}}]"}}, {"model": "admin.logentry", "pk": 50, "fields": {"action_time": "2022-06-22T13:38:23.821Z", "user": 1, "content_type": 9, "object_id": "20", "object_repr": "projects/images/clinic_____2022-03-23_17-47-57.png", "action_flag": 1, "change_message": "[{\"added\": {}}]"}}, {"model": "admin.logentry", "pk": 51, "fields": {"action_time": "2022-06-22T13:38:28.326Z", "user": 1, "content_type": 9, "object_id": "21", "object_repr": "projects/images/clinic_____2022-03-23_17-49-00.png", "action_flag": 1, "change_message": "[{\"added\": {}}]"}}, {"model": "admin.logentry", "pk": 52, "fields": {"action_time": "2022-06-22T13:38:34.707Z", "user": 1, "content_type": 9, "object_id": "22", "object_repr": "projects/images/clinic_____2022-03-23_17-50-07.png", "action_flag": 1, "change_message": "[{\"added\": {}}]"}}, {"model": "admin.logentry", "pk": 53, "fields": {"action_time": "2022-06-22T13:41:48.273Z", "user": 1, "content_type": 8, "object_id": "4", "object_repr": "Pinterest Clone", "action_flag": 1, "change_message": "[{\"added\": {}}]"}}, {"model": "admin.logentry", "pk": 54, "fields": {"action_time": "2022-06-22T13:41:58.643Z", "user": 1, "content_type": 7, "object_id": "4", "object_repr": "Pinterest Clone gallery", "action_flag": 1, "change_message": "[{\"added\": {}}]"}}, {"model": "admin.logentry", "pk": 55, "fields": {"action_time": "2022-06-22T13:42:28.126Z", "user": 1, "content_type": 9, "object_id": "23", "object_repr": "projects/images/02.2.jpg", "action_flag": 1, "change_message": "[{\"added\": {}}]"}}, {"model": "admin.logentry", "pk": 56, "fields": {"action_time": "2022-06-22T13:42:37.895Z", "user": 1, "content_type": 9, "object_id": "24", "object_repr": "projects/images/02.1.png", "action_flag": 1, "change_message": "[{\"added\": {}}]"}}, {"model": "admin.logentry", "pk": 57, "fields": {"action_time": "2022-06-22T13:43:07.468Z", "user": 1, "content_type": 9, "object_id": "25", "object_repr": "projects/images/localhost_3000_board_board_id1_5.png", "action_flag": 1, "change_message": "[{\"added\": {}}]"}}, {"model": "admin.logentry", "pk": 58, "fields": {"action_time": "2022-06-22T13:43:17.185Z", "user": 1, "content_type": 9, "object_id": "26", "object_repr": "projects/images/localhost_3000_board_board_id1_4.png", "action_flag": 1, "change_message": "[{\"added\": {}}]"}}, {"model": "admin.logentry", "pk": 59, "fields": {"action_time": "2022-06-22T13:43:25.190Z", "user": 1, "content_type": 9, "object_id": "27", "object_repr": "projects/images/localhost_3000_board_board_id1_3.png", "action_flag": 1, "change_message": "[{\"added\": {}}]"}}, {"model": "admin.logentry", "pk": 60, "fields": {"action_time": "2022-06-22T13:43:36.065Z", "user": 1, "content_type": 9, "object_id": "28", "object_repr": "projects/images/localhost_3000_profile_7.png", "action_flag": 1, "change_message": "[{\"added\": {}}]"}}, {"model": "admin.logentry", "pk": 61, "fields": {"action_time": "2022-06-22T13:43:47.285Z", "user": 1, "content_type": 9, "object_id": "29", "object_repr": "projects/images/localhost_3000_profile_6.png", "action_flag": 1, "change_message": "[{\"added\": {}}]"}}, {"model": "admin.logentry", "pk": 62, "fields": {"action_time": "2022-06-22T13:43:59.226Z", "user": 1, "content_type": 9, "object_id": "30", "object_repr": "projects/images/31.jpg", "action_flag": 1, "change_message": "[{\"added\": {}}]"}}, {"model": "admin.logentry", "pk": 63, "fields": {"action_time": "2022-06-22T13:44:08.821Z", "user": 1, "content_type": 9, "object_id": "31", "object_repr": "projects/images/29.jpg", "action_flag": 1, "change_message": "[{\"added\": {}}]"}}, {"model": "admin.logentry", "pk": 64, "fields": {"action_time": "2022-06-22T13:44:31.089Z", "user": 1, "content_type": 9, "object_id": "32", "object_repr": "projects/images/01.jpg", "action_flag": 1, "change_message": "[{\"added\": {}}]"}}, {"model": "admin.logentry", "pk": 65, "fields": {"action_time": "2022-06-22T13:47:27.526Z", "user": 1, "content_type": 8, "object_id": "5", "object_repr": "Task tracker", "action_flag": 1, "change_message": "[{\"added\": {}}]"}}, {"model": "admin.logentry", "pk": 66, "fields": {"action_time": "2022-06-22T13:47:36.208Z", "user": 1, "content_type": 7, "object_id": "5", "object_repr": "Task tracker gallery", "action_flag": 1, "change_message": "[{\"added\": {}}]"}}, {"model": "admin.logentry", "pk": 67, "fields": {"action_time": "2022-06-22T13:48:27.743Z", "user": 1, "content_type": 10, "object_id": "25", "object_repr": "express.js", "action_flag": 1, "change_message": "[{\"added\": {}}]"}}, {"model": "admin.logentry", "pk": 68, "fields": {"action_time": "2022-06-22T13:49:26.927Z", "user": 1, "content_type": 8, "object_id": "6", "object_repr": "Auth system", "action_flag": 1, "change_message": "[{\"added\": {}}]"}}, {"model": "admin.logentry", "pk": 69, "fields": {"action_time": "2022-06-22T13:49:41.979Z", "user": 1, "content_type": 7, "object_id": "6", "object_repr": "Auth system gallery", "action_flag": 1, "change_message": "[{\"added\": {}}]"}}, {"model": "admin.logentry", "pk": 70, "fields": {"action_time": "2022-06-22T13:52:18.590Z", "user": 1, "content_type": 8, "object_id": "7", "object_repr": "Django Movies App", "action_flag": 1, "change_message": "[{\"added\": {}}]"}}, {"model": "admin.logentry", "pk": 71, "fields": {"action_time": "2022-06-22T13:52:32.298Z", "user": 1, "content_type": 7, "object_id": "7", "object_repr": "Django Movies App gallery", "action_flag": 1, "change_message": "[{\"added\": {}}]"}}, {"model": "admin.logentry", "pk": 72, "fields": {"action_time": "2022-06-22T13:54:55.306Z", "user": 1, "content_type": 8, "object_id": "8", "object_repr": "MCU movies", "action_flag": 1, "change_message": "[{\"added\": {}}]"}}, {"model": "admin.logentry", "pk": 73, "fields": {"action_time": "2022-06-22T13:55:05.115Z", "user": 1, "content_type": 7, "object_id": "8", "object_repr": "MCU movies gallery", "action_flag": 1, "change_message": "[{\"added\": {}}]"}}, {"model": "admin.logentry", "pk": 74, "fields": {"action_time": "2022-06-22T13:55:37.137Z", "user": 1, "content_type": 9, "object_id": "33", "object_repr": "projects/images/Home.png", "action_flag": 1, "change_message": "[{\"added\": {}}]"}}, {"model": "admin.logentry", "pk": 75, "fields": {"action_time": "2022-06-22T13:55:42.581Z", "user": 1, "content_type": 9, "object_id": "34", "object_repr": "projects/images/Home2.png", "action_flag": 1, "change_message": "[{\"added\": {}}]"}}, {"model": "admin.logentry", "pk": 76, "fields": {"action_time": "2022-06-22T13:55:47.544Z", "user": 1, "content_type": 9, "object_id": "35", "object_repr": "projects/images/Home3.png", "action_flag": 1, "change_message": "[{\"added\": {}}]"}}, {"model": "admin.logentry", "pk": 77, "fields": {"action_time": "2022-06-22T13:55:52.824Z", "user": 1, "content_type": 9, "object_id": "36", "object_repr": "projects/images/Login.png", "action_flag": 1, "change_message": "[{\"added\": {}}]"}}, {"model": "admin.logentry", "pk": 78, "fields": {"action_time": "2022-06-22T13:55:57.771Z", "user": 1, "content_type": 9, "object_id": "37", "object_repr": "projects/images/registration.png", "action_flag": 1, "change_message": "[{\"added\": {}}]"}}, {"model": "admin.logentry", "pk": 79, "fields": {"action_time": "2022-06-22T13:58:42.599Z", "user": 1, "content_type": 8, "object_id": "9", "object_repr": "Diverse React Project", "action_flag": 1, "change_message": "[{\"added\": {}}]"}}, {"model": "admin.logentry", "pk": 80, "fields": {"action_time": "2022-06-22T13:58:59.000Z", "user": 1, "content_type": 7, "object_id": "9", "object_repr": "Diverse React Project gallery", "action_flag": 1, "change_message": "[{\"added\": {}}]"}}, {"model": "admin.logentry", "pk": 81, "fields": {"action_time": "2022-06-22T13:59:00.194Z", "user": 1, "content_type": 9, "object_id": "38", "object_repr": "projects/images/login.png", "action_flag": 1, "change_message": "[{\"added\": {}}]"}}, {"model": "admin.logentry", "pk": 82, "fields": {"action_time": "2022-06-22T13:59:05.034Z", "user": 1, "content_type": 9, "object_id": "39", "object_repr": "projects/images/signup.png", "action_flag": 1, "change_message": "[{\"added\": {}}]"}}, {"model": "admin.logentry", "pk": 83, "fields": {"action_time": "2022-06-22T13:59:09.718Z", "user": 1, "content_type": 9, "object_id": "40", "object_repr": "projects/images/todo.png", "action_flag": 1, "change_message": "[{\"added\": {}}]"}}, {"model": "admin.logentry", "pk": 84, "fields": {"action_time": "2022-06-22T13:59:15.925Z", "user": 1, "content_type": 9, "object_id": "41", "object_repr": "projects/images/gallery.png", "action_flag": 1, "change_message": "[{\"added\": {}}]"}}, {"model": "admin.logentry", "pk": 85, "fields": {"action_time": "2022-06-22T13:59:20.524Z", "user": 1, "content_type": 9, "object_id": "42", "object_repr": "projects/images/phonebook.png", "action_flag": 1, "change_message": "[{\"added\": {}}]"}}, {"model": "admin.logentry", "pk": 86, "fields": {"action_time": "2022-06-22T13:59:25.243Z", "user": 1, "content_type": 9, "object_id": "43", "object_repr": "projects/images/phonebook2.png", "action_flag": 1, "change_message": "[{\"added\": {}}]"}}, {"model": "auth.permission", "pk": 1, "fields": {"name": "Can add log entry", "content_type": 1, "codename": "add_logentry"}}, {"model": "auth.permission", "pk": 2, "fields": {"name": "Can change log entry", "content_type": 1, "codename": "change_logentry"}}, {"model": "auth.permission", "pk": 3, "fields": {"name": "Can delete log entry", "content_type": 1, "codename": "delete_logentry"}}, {"model": "auth.permission", "pk": 4, "fields": {"name": "Can view log entry", "content_type": 1, "codename": "view_logentry"}}, {"model": "auth.permission", "pk": 5, "fields": {"name": "Can add permission", "content_type": 2, "codename": "add_permission"}}, {"model": "auth.permission", "pk": 6, "fields": {"name": "Can change permission", "content_type": 2, "codename": "change_permission"}}, {"model": "auth.permission", "pk": 7, "fields": {"name": "Can delete permission", "content_type": 2, "codename": "delete_permission"}}, {"model": "auth.permission", "pk": 8, "fields": {"name": "Can view permission", "content_type": 2, "codename": "view_permission"}}, {"model": "auth.permission", "pk": 9, "fields": {"name": "Can add group", "content_type": 3, "codename": "add_group"}}, {"model": "auth.permission", "pk": 10, "fields": {"name": "Can change group", "content_type": 3, "codename": "change_group"}}, {"model": "auth.permission", "pk": 11, "fields": {"name": "Can delete group", "content_type": 3, "codename": "delete_group"}}, {"model": "auth.permission", "pk": 12, "fields": {"name": "Can view group", "content_type": 3, "codename": "view_group"}}, {"model": "auth.permission", "pk": 13, "fields": {"name": "Can add user", "content_type": 4, "codename": "add_user"}}, {"model": "auth.permission", "pk": 14, "fields": {"name": "Can change user", "content_type": 4, "codename": "change_user"}}, {"model": "auth.permission", "pk": 15, "fields": {"name": "Can delete user", "content_type": 4, "codename": "delete_user"}}, {"model": "auth.permission", "pk": 16, "fields": {"name": "Can view user", "content_type": 4, "codename": "view_user"}}, {"model": "auth.permission", "pk": 17, "fields": {"name": "Can add content type", "content_type": 5, "codename": "add_contenttype"}}, {"model": "auth.permission", "pk": 18, "fields": {"name": "Can change content type", "content_type": 5, "codename": "change_contenttype"}}, {"model": "auth.permission", "pk": 19, "fields": {"name": "Can delete content type", "content_type": 5, "codename": "delete_contenttype"}}, {"model": "auth.permission", "pk": 20, "fields": {"name": "Can view content type", "content_type": 5, "codename": "view_contenttype"}}, {"model": "auth.permission", "pk": 21, "fields": {"name": "Can add session", "content_type": 6, "codename": "add_session"}}, {"model": "auth.permission", "pk": 22, "fields": {"name": "Can change session", "content_type": 6, "codename": "change_session"}}, {"model": "auth.permission", "pk": 23, "fields": {"name": "Can delete session", "content_type": 6, "codename": "delete_session"}}, {"model": "auth.permission", "pk": 24, "fields": {"name": "Can view session", "content_type": 6, "codename": "view_session"}}, {"model": "auth.permission", "pk": 25, "fields": {"name": "Can add gallery", "content_type": 7, "codename": "add_gallery"}}, {"model": "auth.permission", "pk": 26, "fields": {"name": "Can change gallery", "content_type": 7, "codename": "change_gallery"}}, {"model": "auth.permission", "pk": 27, "fields": {"name": "Can delete gallery", "content_type": 7, "codename": "delete_gallery"}}, {"model": "auth.permission", "pk": 28, "fields": {"name": "Can view gallery", "content_type": 7, "codename": "view_gallery"}}, {"model": "auth.permission", "pk": 29, "fields": {"name": "Can add project", "content_type": 8, "codename": "add_project"}}, {"model": "auth.permission", "pk": 30, "fields": {"name": "Can change project", "content_type": 8, "codename": "change_project"}}, {"model": "auth.permission", "pk": 31, "fields": {"name": "Can delete project", "content_type": 8, "codename": "delete_project"}}, {"model": "auth.permission", "pk": 32, "fields": {"name": "Can view project", "content_type": 8, "codename": "view_project"}}, {"model": "auth.permission", "pk": 33, "fields": {"name": "Can add image", "content_type": 9, "codename": "add_image"}}, {"model": "auth.permission", "pk": 34, "fields": {"name": "Can change image", "content_type": 9, "codename": "change_image"}}, {"model": "auth.permission", "pk": 35, "fields": {"name": "Can delete image", "content_type": 9, "codename": "delete_image"}}, {"model": "auth.permission", "pk": 36, "fields": {"name": "Can view image", "content_type": 9, "codename": "view_image"}}, {"model": "auth.permission", "pk": 37, "fields": {"name": "Can add skill", "content_type": 10, "codename": "add_skill"}}, {"model": "auth.permission", "pk": 38, "fields": {"name": "Can change skill", "content_type": 10, "codename": "change_skill"}}, {"model": "auth.permission", "pk": 39, "fields": {"name": "Can delete skill", "content_type": 10, "codename": "delete_skill"}}, {"model": "auth.permission", "pk": 40, "fields": {"name": "Can view skill", "content_type": 10, "codename": "view_skill"}}, {"model": "auth.user", "pk": 1, "fields": {"password": "pbkdf2_sha256$320000$6ekQ1UhwWZtC49MuBSxVqh$Ze4quSnjgSE7BExrYEUSKxJlW2VbqQarWY5yal+xbPA=", "last_login": "2022-06-22T12:57:04.644Z", "is_superuser": true, "username": "saied", "first_name": "", "last_name": "", "email": "ahmed.saeed311294@gmail.com", "is_staff": true, "is_active": true, "date_joined": "2022-06-22T12:56:35.949Z", "groups": [], "user_permissions": []}}, {"model": "contenttypes.contenttype", "pk": 1, "fields": {"app_label": "admin", "model": "logentry"}}, {"model": "contenttypes.contenttype", "pk": 2, "fields": {"app_label": "auth", "model": "permission"}}, {"model": "contenttypes.contenttype", "pk": 3, "fields": {"app_label": "auth", "model": "group"}}, {"model": "contenttypes.contenttype", "pk": 4, "fields": {"app_label": "auth", "model": "user"}}, {"model": "contenttypes.contenttype", "pk": 5, "fields": {"app_label": "contenttypes", "model": "contenttype"}}, {"model": "contenttypes.contenttype", "pk": 6, "fields": {"app_label": "sessions", "model": "session"}}, {"model": "contenttypes.contenttype", "pk": 7, "fields": {"app_label": "mywebsite", "model": "gallery"}}, {"model": "contenttypes.contenttype", "pk": 8, "fields": {"app_label": "mywebsite", "model": "project"}}, {"model": "contenttypes.contenttype", "pk": 9, "fields": {"app_label": "mywebsite", "model": "image"}}, {"model": "contenttypes.contenttype", "pk": 10, "fields": {"app_label": "mywebsite", "model": "skill"}}, {"model": "sessions.session", "pk": "ibdjmip2xneq1dmrhjfrxwwmj5m2qasd", "fields": {"session_data": ".eJxVjEsOwiAUAO_C2pDyB5fuewbC4z2kamhS2pXx7oakC93OTObNYjr2Go9OW1yQXZlgl18GKT-pDYGP1O4rz2vbtwX4SPhpO59XpNftbP8GNfU6tk6ZItHoIEGASWQnnSh4qybjrHEFsvG-kMSgQHsEFcgqZ50AEmgF-3wByrI3WA:1o3zuq:VP8ZP8duJpOoM951mkJL7U7U8ojfO6TleYwhG3kMZmA", "expire_date": "2022-07-06T12:57:04.727Z"}}, {"model": "mywebsite.skill", "pk": 1, "fields": {"name": "React.js"}}, {"model": "mywebsite.skill", "pk": 2, "fields": {"name": "Next.js"}}, {"model": "mywebsite.skill", "pk": 3, "fields": {"name": "Node.js"}}, {"model": "mywebsite.skill", "pk": 4, "fields": {"name": "HTML"}}, {"model": "mywebsite.skill", "pk": 5, "fields": {"name": "CSS"}}, {"model": "mywebsite.skill", "pk": 6, "fields": {"name": "Javascript"}}, {"model": "mywebsite.skill", "pk": 7, "fields": {"name": "jQuery"}}, {"model": "mywebsite.skill", "pk": 8, "fields": {"name": "Bootstrap"}}, {"model": "mywebsite.skill", "pk": 9, "fields": {"name": "MatrialUI"}}, {"model": "mywebsite.skill", "pk": 10, "fields": {"name": "Ant Design"}}, {"model": "mywebsite.skill", "pk": 11, "fields": {"name": "Tailwind"}}, {"model": "mywebsite.skill", "pk": 12, "fields": {"name": "Python"}}, {"model": "mywebsite.skill", "pk": 13, "fields": {"name": "Flask"}}, {"model": "mywebsite.skill", "pk": 14, "fields": {"name": "Django"}}, {"model": "mywebsite.skill", "pk": 15, "fields": {"name": "Django rest framework"}}, {"model": "mywebsite.skill", "pk": 16, "fields": {"name": "PostgreSQL"}}, {"model": "mywebsite.skill", "pk": 17, "fields": {"name": "MongoDB"}}, {"model": "mywebsite.skill", "pk": 18, "fields": {"name": "Odoo"}}, {"model": "mywebsite.skill", "pk": 19, "fields": {"name": "Linux"}}, {"model": "mywebsite.skill", "pk": 20, "fields": {"name": "Nginx"}}, {"model": "mywebsite.skill", "pk": 21, "fields": {"name": "Apache"}}, {"model": "mywebsite.skill", "pk": 22, "fields": {"name": "Docker"}}, {"model": "mywebsite.skill", "pk": 23, "fields": {"name": "Git"}}, {"model": "mywebsite.skill", "pk": 24, "fields": {"name": "Heroku"}}, {"model": "mywebsite.skill", "pk": 25, "fields": {"name": "express.js"}}, {"model": "mywebsite.project", "pk": 1, "fields": {"title": "Fox Source Code", "desc": "A marketplace with multiple sellers for software apps, games, full templates, scripts, and codes build using Django rest framework and react.js", "main_preview": "projects/main_preview/fox.png", "date": "2022-04-04", "skills": [1, 4, 5, 6, 10, 12, 14, 15, 16, 19, 20, 23]}}, {"model": "mywebsite.project", "pk": 2, "fields": {"title": "E-commerce", "desc": "An e-commerce website with one seller multiple categories and stripe payment method build using Django template literals and bootstrap", "main_preview": "projects/main_preview/ecommerce__.png", "date": "2022-01-03", "skills": [4, 5, 6, 7, 8, 12, 14, 16, 19, 23, 24]}}, {"model": "mywebsite.project", "pk": 3, "fields": {"title": "Clinic Reservation System", "desc": "A clinics reservation system with multi clinics, multi doctors, and the ability to schedule an appointment in a specific time built using Django template literals, Django rest framework, and bootstrap", "main_preview": "projects/main_preview/clinic.png", "date": "2022-03-16", "skills": [4, 5, 6, 7, 8, 12, 14, 15, 16, 19, 23, 24]}}, {"model": "mywebsite.project", "pk": 4, "fields": {"title": "Pinterest Clone", "desc": "A clone of the Pinterest website contains most of the original features\r\nbuilt using Django rest framework and react.js", "main_preview": "projects/main_preview/localhost_3000_profile_5.png", "date": "2021-12-22", "skills": [1, 3, 5, 6, 9, 12, 14, 15, 16, 19, 23, 24]}}, {"model": "mywebsite.project", "pk": 5, "fields": {"title": "Task tracker", "desc": "A simple task tracker built using react and redux and antd", "main_preview": "projects/main_preview/taskTracker.png", "date": "2022-01-13", "skills": [1, 4, 5, 6, 10, 23, 24]}}, {"model": "mywebsite.project", "pk": 6, "fields": {"title": "Auth system", "desc": "Authentication system built using node.js and express.js and passport.js following local strategy and MongoDB for database", "main_preview": "projects/main_preview/authSystem.png", "date": "2022-02-01", "skills": [3, 4, 5, 6, 7, 8, 17, 23, 24, 25]}}, {"model": "mywebsite.project", "pk": 7, "fields": {"title": "Django Movies App", "desc": "A movie app contains a movie list, casts list, and a watch tracker app made using Django template literally,  bootstrap and PostgreSQL", "main_preview": "projects/main_preview/djangoMovies.png", "date": "2021-11-11", "skills": [4, 5, 6, 7, 8, 12, 14, 16, 23]}}, {"model": "mywebsite.project", "pk": 8, "fields": {"title": "MCU movies", "desc": "Simple 3 pages for a website that calls an MCU movies API and represents the data on the home page\r\nthe home page has a gallery and on clicking on any poster it opens a slide show and also has login and registration pages \r\nthe project was built using bootstrap, jquery, and jquery ui", "main_preview": "projects/main_preview/Home3.png", "date": "2021-09-08", "skills": [4, 5, 6, 7, 8, 23]}}, {"model": "mywebsite.project", "pk": 9, "fields": {"title": "Diverse React Project", "desc": "react project has login and signup pages, gallery, phonebook, and todo list all are separate components login and sign up talking to fake login and signup API if the login or signup is a success will fetch data from another fake API and represent it to the gallery page", "main_preview": "projects/main_preview/gallery.png", "date": "2021-10-07", "skills": [1, 4, 5, 6, 8, 23]}}, {"model": "mywebsite.image", "pk": 1, "fields": {"image": "projects/images/fox.png", "gallery": 1}}, {"model": "mywebsite.image", "pk": 2, "fields": {"image": "projects/images/fox2.png", "gallery": 1}}, {"model": "mywebsite.image", "pk": 3, "fields": {"image": "projects/images/fox3.png", "gallery": 1}}, {"model": "mywebsite.image", "pk": 4, "fields": {"image": "projects/images/fox4.png", "gallery": 1}}, {"model": "mywebsite.image", "pk": 5, "fields": {"image": "projects/images/fox5.png", "gallery": 1}}, {"model": "mywebsite.image", "pk": 6, "fields": {"image": "projects/images/fox6.png", "gallery": 1}}, {"model": "mywebsite.image", "pk": 7, "fields": {"image": "projects/images/fox7.png", "gallery": 1}}, {"model": "mywebsite.image", "pk": 8, "fields": {"image": "projects/images/fox8.png", "gallery": 1}}, {"model": "mywebsite.image", "pk": 9, "fields": {"image": "projects/images/ecommerce__.png", "gallery": 2}}, {"model": "mywebsite.image", "pk": 10, "fields": {"image": "projects/images/ecommerce__2022-03-23_17-51-35.png", "gallery": 2}}, {"model": "mywebsite.image", "pk": 11, "fields": {"image": "projects/images/ecommerce__2022-03-23_17-52-16.png", "gallery": 2}}, {"model": "mywebsite.image", "pk": 12, "fields": {"image": "projects/images/ecommerce__2022-03-23_17-53-30.png", "gallery": 2}}, {"model": "mywebsite.image", "pk": 13, "fields": {"image": "projects/images/ecommerce__2022-03-23_17-54-48.png", "gallery": 2}}, {"model": "mywebsite.image", "pk": 14, "fields": {"image": "projects/images/ecommerce__2022-03-23_17-56-57.png", "gallery": 2}}, {"model": "mywebsite.image", "pk": 15, "fields": {"image": "projects/images/ecommerce__2022-03-23_17-57-46.png", "gallery": 2}}, {"model": "mywebsite.image", "pk": 16, "fields": {"image": "projects/images/ecommerce__2022-03-23_17-58-53.png", "gallery": 2}}, {"model": "mywebsite.image", "pk": 17, "fields": {"image": "projects/images/ecommerce__2022-03-23_18-00-05.png", "gallery": 2}}, {"model": "mywebsite.image", "pk": 18, "fields": {"image": "projects/images/clinic.png", "gallery": 3}}, {"model": "mywebsite.image", "pk": 19, "fields": {"image": "projects/images/clinic_____2022-03-23_17-47-11.png", "gallery": 3}}, {"model": "mywebsite.image", "pk": 20, "fields": {"image": "projects/images/clinic_____2022-03-23_17-47-57.png", "gallery": 3}}, {"model": "mywebsite.image", "pk": 21, "fields": {"image": "projects/images/clinic_____2022-03-23_17-49-00.png", "gallery": 3}}, {"model": "mywebsite.image", "pk": 22, "fields": {"image": "projects/images/clinic_____2022-03-23_17-50-07.png", "gallery": 3}}, {"model": "mywebsite.image", "pk": 23, "fields": {"image": "projects/images/02.2.jpg", "gallery": 4}}, {"model": "mywebsite.image", "pk": 24, "fields": {"image": "projects/images/02.1.png", "gallery": 4}}, {"model": "mywebsite.image", "pk": 25, "fields": {"image": "projects/images/localhost_3000_board_board_id1_5.png", "gallery": 4}}, {"model": "mywebsite.image", "pk": 26, "fields": {"image": "projects/images/localhost_3000_board_board_id1_4.png", "gallery": 4}}, {"model": "mywebsite.image", "pk": 27, "fields": {"image": "projects/images/localhost_3000_board_board_id1_3.png", "gallery": 4}}, {"model": "mywebsite.image", "pk": 28, "fields": {"image": "projects/images/localhost_3000_profile_7.png", "gallery": 4}}, {"model": "mywebsite.image", "pk": 29, "fields": {"image": "projects/images/localhost_3000_profile_6.png", "gallery": 4}}, {"model": "mywebsite.image", "pk": 30, "fields": {"image": "projects/images/31.jpg", "gallery": 4}}, {"model": "mywebsite.image", "pk": 31, "fields": {"image": "projects/images/29.jpg", "gallery": 4}}, {"model": "mywebsite.image", "pk": 32, "fields": {"image": "projects/images/01.jpg", "gallery": 4}}, {"model": "mywebsite.image", "pk": 33, "fields": {"image": "projects/images/Home.png", "gallery": 8}}, {"model": "mywebsite.image", "pk": 34, "fields": {"image": "projects/images/Home2.png", "gallery": 8}}, {"model": "mywebsite.image", "pk": 35, "fields": {"image": "projects/images/Home3.png", "gallery": 8}}, {"model": "mywebsite.image", "pk": 36, "fields": {"image": "projects/images/Login.png", "gallery": 8}}, {"model": "mywebsite.image", "pk": 37, "fields": {"image": "projects/images/registration.png", "gallery": 8}}, {"model": "mywebsite.image", "pk": 38, "fields": {"image": "projects/images/login.png", "gallery": 9}}, {"model": "mywebsite.image", "pk": 39, "fields": {"image": "projects/images/signup.png", "gallery": 9}}, {"model": "mywebsite.image", "pk": 40, "fields": {"image": "projects/images/todo.png", "gallery": 9}}, {"model": "mywebsite.image", "pk": 41, "fields": {"image": "projects/images/gallery.png", "gallery": 9}}, {"model": "mywebsite.image", "pk": 42, "fields": {"image": "projects/images/phonebook.png", "gallery": 9}}, {"model": "mywebsite.image", "pk": 43, "fields": {"image": "projects/images/phonebook2.png", "gallery": 9}}, {"model": "mywebsite.gallery", "pk": 1, "fields": {"project": 1}}, {"model": "mywebsite.gallery", "pk": 2, "fields": {"project": 2}}, {"model": "mywebsite.gallery", "pk": 3, "fields": {"project": 3}}, {"model": "mywebsite.gallery", "pk": 4, "fields": {"project": 4}}, {"model": "mywebsite.gallery", "pk": 5, "fields": {"project": 5}}, {"model": "mywebsite.gallery", "pk": 6, "fields": {"project": 6}}, {"model": "mywebsite.gallery", "pk": 7, "fields": {"project": 7}}, {"model": "mywebsite.gallery", "pk": 8, "fields": {"project": 8}}, {"model": "mywebsite.gallery", "pk": 9, "fields": {"project": 9}}]