[{"model": "mywebsite.skill", "pk": 1, "fields": {"name": "React.js"}}, {"model": "mywebsite.skill", "pk": 2, "fields": {"name": "Next.js"}}, {"model": "mywebsite.skill", "pk": 3, "fields": {"name": "Node.js"}}, {"model": "mywebsite.skill", "pk": 4, "fields": {"name": "HTML"}}, {"model": "mywebsite.skill", "pk": 5, "fields": {"name": "CSS"}}, {"model": "mywebsite.skill", "pk": 6, "fields": {"name": "Javascript"}}, {"model": "mywebsite.skill", "pk": 7, "fields": {"name": "jQuery"}}, {"model": "mywebsite.skill", "pk": 8, "fields": {"name": "Bootstrap"}}, {"model": "mywebsite.skill", "pk": 9, "fields": {"name": "MatrialUI"}}, {"model": "mywebsite.skill", "pk": 10, "fields": {"name": "Ant Design"}}, {"model": "mywebsite.skill", "pk": 11, "fields": {"name": "Tailwind"}}, {"model": "mywebsite.skill", "pk": 12, "fields": {"name": "Python"}}, {"model": "mywebsite.skill", "pk": 13, "fields": {"name": "Flask"}}, {"model": "mywebsite.skill", "pk": 14, "fields": {"name": "Django"}}, {"model": "mywebsite.skill", "pk": 15, "fields": {"name": "Django rest framework"}}, {"model": "mywebsite.skill", "pk": 16, "fields": {"name": "PostgreSQL"}}, {"model": "mywebsite.skill", "pk": 17, "fields": {"name": "MongoDB"}}, {"model": "mywebsite.skill", "pk": 18, "fields": {"name": "Odoo"}}, {"model": "mywebsite.skill", "pk": 19, "fields": {"name": "Linux"}}, {"model": "mywebsite.skill", "pk": 20, "fields": {"name": "Nginx"}}, {"model": "mywebsite.skill", "pk": 21, "fields": {"name": "Apache"}}, {"model": "mywebsite.skill", "pk": 22, "fields": {"name": "Docker"}}, {"model": "mywebsite.skill", "pk": 23, "fields": {"name": "Git"}}, {"model": "mywebsite.skill", "pk": 24, "fields": {"name": "Heroku"}}, {"model": "mywebsite.skill", "pk": 25, "fields": {"name": "express.js"}}, {"model": "mywebsite.skill", "pk": 26, "fields": {"name": "AWS"}}, {"model": "mywebsite.skill", "pk": 27, "fields": {"name": "Github"}}, {"model": "mywebsite.skill", "pk": 28, "fields": {"name": "Github workflows"}}, {"model": "mywebsite.project", "pk": 1, "fields": {"title": "Fox Source Code", "desc": "A marketplace with multiple sellers for software apps, games, full templates, scripts, and codes build using Django rest framework and react.js", "main_preview": "projects/main_preview/fox2.png", "date": "2022-04-04", "github_back_link": null, "github_front_link": null, "live_link": null, "skills": [1, 4, 5, 6, 10, 12, 14, 15, 16, 19, 20, 23]}}, {"model": "mywebsite.project", "pk": 2, "fields": {"title": "E-commerce", "desc": "An e-commerce website with one seller multiple categories and stripe payment method build using Django template literals and bootstrap", "main_preview": "projects/main_preview/ecommerce__2022-03-23_17-51-35.png", "date": "2022-01-03", "github_back_link": null, "github_front_link": null, "live_link": null, "skills": [4, 5, 6, 7, 8, 12, 14, 16, 19, 23, 24]}}, {"model": "mywebsite.project", "pk": 3, "fields": {"title": "Clinic Reservation System", "desc": "A clinics reservation system with multi clinics, multi doctors, and the ability to schedule an appointment in a specific time built using Django template literals, Django rest framework, and bootstrap", "main_preview": "projects/main_preview/clinic_hlvr1v.png", "date": "2022-03-16", "github_back_link": null, "github_front_link": null, "live_link": null, "skills": [4, 5, 6, 7, 8, 12, 14, 15, 16, 19, 23, 24]}}, {"model": "mywebsite.project", "pk": 4, "fields": {"title": "Pinterest Clone", "desc": "A clone of the Pinterest website contains most of the original features\r\nbuilt using Django rest framework and react.js", "main_preview": "projects/main_preview/localhost_3000_profile_6_ostnf5.png", "date": "2021-12-22", "github_back_link": null, "github_front_link": null, "live_link": null, "skills": [1, 3, 5, 6, 9, 12, 14, 15, 16, 19, 23, 24]}}, {"model": "mywebsite.project", "pk": 5, "fields": {"title": "Task tracker", "desc": "A simple task tracker built using react and redux and antd", "main_preview": "projects/main_preview/taskTracker_dguhbk.png", "date": "2022-01-13", "github_back_link": null, "github_front_link": null, "live_link": null, "skills": [1, 4, 5, 6, 10, 23, 24]}}, {"model": "mywebsite.project", "pk": 6, "fields": {"title": "Auth system", "desc": "Authentication system built using node.js and express.js and passport.js following local strategy and MongoDB for database", "main_preview": "projects/main_preview/authSystem_s9sbat.png", "date": "2022-02-01", "github_back_link": null, "github_front_link": null, "live_link": null, "skills": [3, 4, 5, 6, 7, 8, 17, 23, 24, 25]}}, {"model": "mywebsite.project", "pk": 7, "fields": {"title": "Django Movies App", "desc": "A movie app contains a movie list, casts list, and a watch tracker app made using Django template literally,  bootstrap and PostgreSQL", "main_preview": "projects/main_preview/djangoMovies_m5gtsf.png", "date": "2021-11-11", "github_back_link": null, "github_front_link": null, "live_link": null, "skills": [4, 5, 6, 7, 8, 12, 14, 16, 23]}}, {"model": "mywebsite.project", "pk": 8, "fields": {"title": "MCU movies", "desc": "Simple 3 pages for a website that calls an MCU movies API and represents the data on the home page\r\nthe home page has a gallery and on clicking on any poster it opens a slide show and also has login and registration pages \r\nthe project was built using bootstrap, jquery, and jquery ui", "main_preview": "projects/main_preview/Home2.png", "date": "2021-09-08", "github_back_link": null, "github_front_link": null, "live_link": null, "skills": [4, 5, 6, 7, 8, 23]}}, {"model": "mywebsite.project", "pk": 9, "fields": {"title": "Diverse React Project", "desc": "react project has login and signup pages, gallery, phonebook, and todo list all are separate components login and sign up talking to fake login and signup API if the login or signup is a success will fetch data from another fake API and represent it to the gallery page", "main_preview": "projects/main_preview/gallery.png", "date": "2021-10-07", "github_back_link": null, "github_front_link": null, "live_link": null, "skills": [1, 4, 5, 6, 8, 23]}}, {"model": "mywebsite.project", "pk": 10, "fields": {"title": "Safa Design", "desc": "A UI Template for Safa Foundation", "main_preview": "projects/main_preview/safa.png", "date": "2022-04-11", "github_back_link": "https://github.com/AhmedSaied94/react-safa-design", "github_front_link": null, "live_link": null, "skills": [1, 4, 5, 6, 8, 23]}}, {"model": "mywebsite.project", "pk": 11, "fields": {"title": "Srrafa", "desc": "Currency news and exchange rates web app", "main_preview": "projects/main_preview/srrafa.png", "date": "2022-06-15", "github_back_link": "https://github.com/AhmedSaied94/currency-news-backend", "github_front_link": "https://github.com/AhmedSaied94/currency-news-frontend", "live_link": null, "skills": [1, 4, 5, 6, 9, 12, 14, 15, 16, 19, 20, 23, 24, 26]}}, {"model": "mywebsite.project", "pk": 12, "fields": {"title": "Trsana School Management", "desc": "School management web app for adding students applying to join the school and their entrance exams marks and filters who successes and who's failed", "main_preview": "projects/main_preview/trsana.png", "date": "2022-07-17", "github_back_link": "https://github.com/AhmedSaied94/trsana-applications-managment", "github_front_link": null, "live_link": null, "skills": [4, 5, 6, 7, 8, 12, 14, 16, 19, 20, 23, 26]}}, {"model": "mywebsite.image", "pk": 1, "fields": {"image": "projects/images/fox.png", "title": "Product page", "description": "", "gallery": 1}}, {"model": "mywebsite.image", "pk": 2, "fields": {"image": "projects/images/fox3.png", "title": "Cataloge page", "description": "", "gallery": 1}}, {"model": "mywebsite.image", "pk": 3, "fields": {"image": "projects/images/fox2.png", "title": "Home page", "description": "", "gallery": 1}}, {"model": "mywebsite.image", "pk": 4, "fields": {"image": "projects/images/fox4.png", "title": "Dashboard", "description": "", "gallery": 1}}, {"model": "mywebsite.image", "pk": 5, "fields": {"image": "projects/images/fox5.png", "title": "Account settings", "description": "", "gallery": 1}}, {"model": "mywebsite.image", "pk": 6, "fields": {"image": "projects/images/fox6.png", "title": "Withdraw money", "description": "", "gallery": 1}}, {"model": "mywebsite.image", "pk": 7, "fields": {"image": "projects/images/fox7.png", "title": "Create product", "description": "", "gallery": 1}}, {"model": "mywebsite.image", "pk": 8, "fields": {"image": "projects/images/fox8.png", "title": "Wishlist", "description": "", "gallery": 1}}, {"model": "mywebsite.image", "pk": 9, "fields": {"image": "projects/images/clinic.png", "title": "Home page", "description": "", "gallery": 3}}, {"model": "mywebsite.image", "pk": 10, "fields": {"image": "projects/images/clinic_____2022-03-23_17-47-11.png", "title": "Oppointments", "description": "", "gallery": 3}}, {"model": "mywebsite.image", "pk": 11, "fields": {"image": "projects/images/clinic_____2022-03-23_17-47-57.png", "title": "Reservation requests", "description": "", "gallery": 3}}, {"model": "mywebsite.image", "pk": 12, "fields": {"image": "projects/images/clinic_____2022-03-23_17-49-00.png", "title": "New oppointment request", "description": "", "gallery": 3}}, {"model": "mywebsite.image", "pk": 13, "fields": {"image": "projects/images/clinic_____2022-03-23_17-50-07.png", "title": "Manage oppointments", "description": "", "gallery": 3}}, {"model": "mywebsite.image", "pk": 14, "fields": {"image": "projects/images/ecommerce__.png", "title": "Home page", "description": "", "gallery": 2}}, {"model": "mywebsite.image", "pk": 15, "fields": {"image": "projects/images/ecommerce__2022-03-23_17-52-16.png", "title": "Home page 2", "description": "", "gallery": 2}}, {"model": "mywebsite.image", "pk": 16, "fields": {"image": "projects/images/ecommerce__2022-03-23_17-53-30.png", "title": "Product page", "description": "", "gallery": 2}}, {"model": "mywebsite.image", "pk": 17, "fields": {"image": "projects/images/ecommerce__2022-03-23_17-54-48.png", "title": "Product page 2", "description": "", "gallery": 2}}, {"model": "mywebsite.image", "pk": 18, "fields": {"image": "projects/images/ecommerce__2022-03-23_17-56-57.png", "title": "Wishlist", "description": "", "gallery": 2}}, {"model": "mywebsite.image", "pk": 19, "fields": {"image": "projects/images/ecommerce__2022-03-23_17-57-46.png", "title": "Shopping cart", "description": "", "gallery": 2}}, {"model": "mywebsite.image", "pk": 20, "fields": {"image": "projects/images/ecommerce__2022-03-23_17-58-53.png", "title": "Billing address", "description": "", "gallery": 2}}, {"model": "mywebsite.image", "pk": 21, "fields": {"image": "projects/images/ecommerce__2022-03-23_18-00-05.png", "title": "Checkout", "description": "", "gallery": 2}}, {"model": "mywebsite.image", "pk": 22, "fields": {"image": "projects/images/safa.png", "title": "Main Section", "description": "", "gallery": 10}}, {"model": "mywebsite.image", "pk": 23, "fields": {"image": "projects/images/safa2.png", "title": "Main Section 2", "description": "", "gallery": 10}}, {"model": "mywebsite.image", "pk": 24, "fields": {"image": "projects/images/safa3.png", "title": "Symposium summary", "description": "", "gallery": 10}}, {"model": "mywebsite.image", "pk": 25, "fields": {"image": "projects/images/safa4.png", "title": "Inquiry section", "description": "", "gallery": 10}}, {"model": "mywebsite.image", "pk": 26, "fields": {"image": "projects/images/safa5.png", "title": "Footer section", "description": "", "gallery": 10}}, {"model": "mywebsite.image", "pk": 27, "fields": {"image": "projects/images/srrafa.png", "title": "Currency page", "description": "", "gallery": 11}}, {"model": "mywebsite.image", "pk": 28, "fields": {"image": "projects/images/trsana.png", "title": "Home page", "description": "", "gallery": 12}}, {"model": "mywebsite.image", "pk": 29, "fields": {"image": "projects/images/localhost_3000_profile_5.png", "title": "Home page", "description": "", "gallery": 4}}, {"model": "mywebsite.image", "pk": 30, "fields": {"image": "projects/images/02.2.jpg", "title": "Auth page", "description": "", "gallery": 4}}, {"model": "mywebsite.image", "pk": 31, "fields": {"image": "projects/images/localhost_3000_board_board_id1_3.png", "title": "Profile settings", "description": "", "gallery": 4}}, {"model": "mywebsite.image", "pk": 32, "fields": {"image": "projects/images/localhost_3000_board_board_id1_4.png", "title": "Account settings", "description": "", "gallery": 4}}, {"model": "mywebsite.image", "pk": 33, "fields": {"image": "projects/images/localhost_3000_profile_6.png", "title": "Profile page", "description": "", "gallery": 4}}, {"model": "mywebsite.image", "pk": 34, "fields": {"image": "projects/images/localhost_3000_profile_7.png", "title": "Followers", "description": "", "gallery": 4}}, {"model": "mywebsite.image", "pk": 35, "fields": {"image": "projects/images/Screenshot_2022-06-09_16-13-42.png", "title": "News page", "description": "", "gallery": 11}}, {"model": "mywebsite.image", "pk": 36, "fields": {"image": "projects/images/Screenshot_2022-06-09_16-13-18.png", "title": "News page 2", "description": "", "gallery": 11}}, {"model": "mywebsite.image", "pk": 37, "fields": {"image": "projects/images/Screenshot_2022-06-08_18-13-30.png", "title": "Currency page 2", "description": "", "gallery": 11}}, {"model": "mywebsite.image", "pk": 38, "fields": {"image": "projects/images/Screenshot_2022-06-02_19-13-24.png", "title": "All currencies", "description": "", "gallery": 11}}, {"model": "mywebsite.image", "pk": 39, "fields": {"image": "projects/images/Screenshot_2022-07-12_16-53-57.png", "title": "All students", "description": "", "gallery": 12}}, {"model": "mywebsite.image", "pk": 40, "fields": {"image": "projects/images/Screenshot_2022-07-12_16-53-57_QylsfYB.png", "title": "New Account", "description": "", "gallery": 12}}, {"model": "mywebsite.image", "pk": 41, "fields": {"image": "projects/images/Screenshot_2022-07-05_00-42-28.png", "title": "Add Student", "description": "", "gallery": 12}}, {"model": "mywebsite.image", "pk": 42, "fields": {"image": "projects/images/Screenshot_2022-07-05_00-43-10.png", "title": "Update Student", "description": "", "gallery": 12}}, {"model": "mywebsite.image", "pk": 43, "fields": {"image": "projects/images/Screenshot_2022-07-05_00-40-29.png", "title": "Student page", "description": "", "gallery": 12}}, {"model": "mywebsite.image", "pk": 44, "fields": {"image": "projects/images/Screenshot_2022-07-05_00-41-54.png", "title": "Student page 2", "description": "", "gallery": 12}}, {"model": "mywebsite.image", "pk": 45, "fields": {"image": "projects/images/authSystem_s9sbat.png", "title": "Register", "description": "", "gallery": 6}}, {"model": "mywebsite.image", "pk": 46, "fields": {"image": "projects/images/Home.png", "title": "Home", "description": "", "gallery": 8}}, {"model": "mywebsite.image", "pk": 47, "fields": {"image": "projects/images/Home2.png", "title": "Home 2", "description": "", "gallery": 8}}, {"model": "mywebsite.image", "pk": 48, "fields": {"image": "projects/images/Home3.png", "title": "Home 3", "description": "", "gallery": 8}}, {"model": "mywebsite.image", "pk": 49, "fields": {"image": "projects/images/Login.png", "title": "Login", "description": "", "gallery": 8}}, {"model": "mywebsite.image", "pk": 50, "fields": {"image": "projects/images/registration.png", "title": "Registeration", "description": "", "gallery": 8}}, {"model": "mywebsite.image", "pk": 51, "fields": {"image": "projects/images/djangoMovies_m5gtsf.png", "title": null, "description": "", "gallery": 7}}, {"model": "mywebsite.image", "pk": 52, "fields": {"image": "projects/images/taskTracker_dguhbk.png", "title": null, "description": "", "gallery": 5}}, {"model": "mywebsite.image", "pk": 53, "fields": {"image": "projects/images/gallery.png", "title": "Gallery", "description": "", "gallery": 9}}, {"model": "mywebsite.image", "pk": 54, "fields": {"image": "projects/images/login_WeVyVJo.png", "title": "Login", "description": "", "gallery": 9}}, {"model": "mywebsite.image", "pk": 55, "fields": {"image": "projects/images/phonebook.png", "title": "Phonebook", "description": "", "gallery": 9}}, {"model": "mywebsite.image", "pk": 56, "fields": {"image": "projects/images/phonebook2.png", "title": "Phonebook 2", "description": "", "gallery": 9}}, {"model": "mywebsite.image", "pk": 57, "fields": {"image": "projects/images/signup.png", "title": "Registeration", "description": "", "gallery": 9}}, {"model": "mywebsite.image", "pk": 58, "fields": {"image": "projects/images/todo.png", "title": "Todo", "description": "", "gallery": 9}}, {"model": "mywebsite.gallery", "pk": 1, "fields": {"project": 1}}, {"model": "mywebsite.gallery", "pk": 2, "fields": {"project": 2}}, {"model": "mywebsite.gallery", "pk": 3, "fields": {"project": 3}}, {"model": "mywebsite.gallery", "pk": 4, "fields": {"project": 4}}, {"model": "mywebsite.gallery", "pk": 5, "fields": {"project": 5}}, {"model": "mywebsite.gallery", "pk": 6, "fields": {"project": 6}}, {"model": "mywebsite.gallery", "pk": 7, "fields": {"project": 7}}, {"model": "mywebsite.gallery", "pk": 8, "fields": {"project": 8}}, {"model": "mywebsite.gallery", "pk": 9, "fields": {"project": 9}}, {"model": "mywebsite.gallery", "pk": 10, "fields": {"project": 10}}, {"model": "mywebsite.gallery", "pk": 11, "fields": {"project": 11}}, {"model": "mywebsite.gallery", "pk": 12, "fields": {"project": 12}}]